No;NOMBRE;PROPIETARIO;MUNICIPIO;DEPARTAMENTO;DIRECCION;PAIS
1;EDS GNV MÓBIL KENNEDY;GAS NATURAL SA;BOGOTÁ;CUNDINAMARCA;CARRERA 79 No. 41F-24 SUR;COLOMBIA
3;TERPEL-AVENIDA CIUDAD DE CALI;IMPORTACIONES DOBERMAN LTDA;BOGOTÁ;CUNDINAMARCA;AV. CRA. 95 NO. 15A-62;COLOMBIA
5;EDS GNV MÓBIL LA TEXANA;UNIGAS S.A.S.;BOGOTÁ;CUNDINAMARCA;AUTOPISTA NORTE NO. 193-50/ Autopista Norte No. 192 - 18/30 o AK 45 192-18/30;COLOMBIA
8;EDS GAZELTERPEL PASADENA;GERMAN RODRIGUEZ_GAZEL;BOGOTÁ;CUNDINAMARCA;CALLE 100 NO. 50 - 38 ESQUINA;COLOMBIA
9;EDS GAZEL CATAM TERPEL DORADO;INVERSIONES EN COMBUSTIBLES Y;BOGOTÁ;CUNDINAMARCA;CALLE 23 B # 123 A - 1;COLOMBIA
12;EDS GNV ESSO AV.68;GAS NATURAL SA;BOGOTÁ;CUNDINAMARCA;AVENIDA CARRERA 68 No. 20-55 SUR;COLOMBIA
19;EDS GNV -ESSO-CHILE;GAS NATURAL SA;BOGOTÁ;CUNDINAMARCA;CALLE 140 No. 92-52 SUBA;COLOMBIA
21;EDS GNV - SEDETRASN S.A. SERVICIOS ESPECIALIADOS DE TRAN;SEDETRASN S.A.;BOGOTÁ;CUNDINAMARCA;CARRERA 110 NO.79-21;COLOMBIA
29;EDS HERGOS;GAS NATURAL FENOSA;BOGOTÁ;CUNDINAMARCA;CALLE 73 NO. 86-06;COLOMBIA
30;EDS GAZEL TEXACO 22 HEROES;COMBUSTIBLES DE COLOMBIA S.A.;BOGOTÁ;CUNDINAMARCA;AVENIDA 13 NO.76-44;COLOMBIA
49;EDS GAZEL VILLA ALSACIA;ORGANIZACIÓN TERPEL S.A.;BOGOTÁ;CUNDINAMARCA;CRA 72 A NO. 12 A - 80;COLOMBIA
62;EDS GAZEL LAS VILLAS;CARLOS ROMERO DUEÑAS_GAZEL;BOGOTÁ;CUNDINAMARCA;CARRERA 52 NO. 129 - 28;COLOMBIA
64;EDS COMPADICOM TEXACO 68;GAS NATURAL FENOSA;BOGOTÁ;CUNDINAMARCA;CARRERA 68 NO. 2C - 84;COLOMBIA
66;TEXACO CIUDAD BOLIVAR;GAS NATURAL FENOSA;BOGOTÁ;CUNDINAMARCA;DIAG. 61 SUR NO. 22 - 36 - DIAGONAL 62 SUR N 21ª - 36 BARRIO SAN FRANCISCO,;COLOMBIA
74;MOBIL TIMIZA;COMBUSTIBLES Y  SERVICIOS;BOGOTÁ;CUNDINAMARCA;CARRERA 73 NO. 36 A - 55 SUR;COLOMBIA
76;EDS GAZEL TERPEL LA JUANA;ORGANIZACIÓN TERPEL S.A.;BOGOTÁ;CUNDINAMARCA;AVENIDA 7 NO. 155 A - 71;COLOMBIA
85;EDS GAZEL TEXACO 12 BERMAZ;FERNANDO BERNAL NIÑO_GAZEL;BOGOTÁ;CUNDINAMARCA;AV. CARACAS NO. 27-24 SUR;COLOMBIA
86;EDS DUAL 1;GAS NATURAL ANDINO S.A.;BOGOTÁ;CUNDINAMARCA;AV. 68 NO. 19 - 84;COLOMBIA
95;EDS BRIO EL MOCHUELO;INVERSIONES EL MOCHUELO S.A.;BOGOTÁ;CUNDINAMARCA;AVENIDA CRA 9 No 103-39;COLOMBIA
97;EDS GAZEL TEXACO 8;COMBUSTIBLES DE COLOMBIA S.A.;BOGOTÁ;CUNDINAMARCA;CARRERA 7 NO. 51 - 28;COLOMBIA
98;EDS GAZEL TEXACO 30;COMBUSTIBLES DE COLOMBIA S.A.;BOGOTÁ;CUNDINAMARCA;AV. EL DORADO NO. 66 - 28;COLOMBIA
99;EDS TERCER MILENIO;GAS VEHICULAR COMPRIMIDO DE;BOGOTÁ;CUNDINAMARCA;AVENIDA CARACAS NO. 2 - 34;COLOMBIA
103;GNV 1GAS;INSETRANSA;BOGOTÁ;CUNDINAMARCA;AV. CALI NO. 13C - 51;COLOMBIA
107;TEXACO CALLE 153;COMBUSTIBLES CAPITAL;BOGOTÁ;CUNDINAMARCA;CARRERA 7 CON CALLLE 153;COLOMBIA
108;AVENIDA BOYACA;GAS NATURAL VEHICULAR SAN;BOGOTÁ;CUNDINAMARCA;CALLE 36 SUR NO. 70B - 70;COLOMBIA
109;AUTO SUR;GAS NATURAL VEHICULAR SAN;BOGOTÁ;CUNDINAMARCA;AUTOPISTA SUR NO. 32 - 84;COLOMBIA
111;EDS UNOGAS;COPEC Y  CIA LTDA;BOGOTÁ;CUNDINAMARCA;AV. 27 NO. 30 - 06 SUR;COLOMBIA
115;EDS LAS VEGAS;ORGANIZACIÓN TERPEL S.A.;BOGOTÁ;CUNDINAMARCA;CARRERA 51 NO. 58D - 17 SUR;COLOMBIA
118;EDS GAZEL COLON;ORGANIZACIÓN TERPEL S.A.;BOGOTÁ;CUNDINAMARCA;CALLE 13 NO. 55 - 14;COLOMBIA
128;EDS GNV MAGRA;GAS NATURAL FENOSA;BOGOTÁ;CUNDINAMARCA;CALLE 17 NO. 110 - 54;COLOMBIA
129;EDS TERPEL PALOQUEMAO;JAIRO ARMANDO LOVERA CAMPOS;BOGOTÁ;CUNDINAMARCA;CARRERA 34 NO. 18A - 38;COLOMBIA
131;AUTOSERVICIO AV. TERCERA;DISCARBURANTES LTDA;BOGOTÁ;CUNDINAMARCA;AV. CALLE 3 NO. 34 A - 82;COLOMBIA
132;EDS TERPEL TRINIDAD;ORGANIZACIÓN TERPEL S.A.;BOGOTÁ;CUNDINAMARCA;AV. 68 NO. 2C - 30;COLOMBIA
138;EDS SHELL BALUARTE;VANNET S.A;BOGOTÁ;CUNDINAMARCA;TRANSVERSAL 72 NO. 35 - 09 SUR;COLOMBIA
142;EDS PASTRANITA GNV;PROCOLGAS GNV S.A;BOGOTÁ;CUNDINAMARCA;AVENIDA 1 MAYO NO. 79 - 25;COLOMBIA
148;EDS TEXACO 27;SODEN LTDA;BOGOTÁ;CUNDINAMARCA;AVENIDA 57 NO. 71 - 14;COLOMBIA
150;EDS PUENTE AEREO;ESTANDAR ENERGY  COMPANY  S.A.;BOGOTÁ;CUNDINAMARCA;AVENIDA EL DORADO NO. 97 - 50;COLOMBIA
151;EDS SEVILLANA;IMPORTACIONES DOBERMAN LTDA;BOGOTÁ;CUNDINAMARCA;AC 45 A SUR NO. 59A-35;COLOMBIA
152;EDS TEXACO 4;ORGANIZACIÓN TERPEL S.A.;BOGOTÁ;CUNDINAMARCA;CARRERA 30 NO. 4 - 51;COLOMBIA
158;EDS AVENIDA CHILE;GAS NATURAL FENOSA;BOGOTÁ;CUNDINAMARCA;CARRERA 91A NO. 72 - 26;COLOMBIA
161;EDS GARROLLANTAS;ORGANIZACIÓN TERPEL S.A.;BOGOTÁ;CUNDINAMARCA;AVENIDA 1 NO. 24 -08;COLOMBIA
169;EDS LA EUROPA;GRUPO LOMA LTDA;BOGOTÁ;CUNDINAMARCA;AVENIDA BOYACÁ NO. 68B - 72;COLOMBIA
171;EDS BRIOGAS SUBA;BRIOGAS S.A.;BOGOTÁ;CUNDINAMARCA;CALLE 145 NO. 94D-90;COLOMBIA
172;EDS QUIROGA;EXXON MOBIL COLOMBIA - AUTOMARKET;BOGOTÁ;CUNDINAMARCA;AVENIDA CARACAS NO. 27 - 25 SUR;COLOMBIA
181;EDS MUZU ESSO;EXXON MOBIL COLOMBIA - AUTOMARKET;BOGOTÁ;CUNDINAMARCA;AVENIDA 27 SUR NO. 44-96;COLOMBIA
183;EDS LA AMERICANA;EXXON MOBIL COLOMBIA - AUTOMARKET;BOGOTÁ;CUNDINAMARCA;CALLE 13 NO. 57-24;COLOMBIA
184;EDS DISENERCOM DISTRIBUIDORES DE ENERGIA Y  COMBUSTIBL;DISENERCOM S.A.;BOGOTÁ;CUNDINAMARCA;CALLE 12 NO. 35-50;COLOMBIA
185;EDS TEXACO 16;GAS NATURAL FENOSA;BOGOTÁ;CUNDINAMARCA;CARRERA 30 NO. 41-25;COLOMBIA
186;EDS TEXACO 19;DISTRIBUCOM LTDA;BOGOTÁ;CUNDINAMARCA;CALLE 19 BIS SUR NO. 32-79;COLOMBIA
187;EDS TEXACO 40;GAS NATURAL FENOSA;BOGOTÁ;CUNDINAMARCA;CALLE 26 SUR NO. 49A-75;COLOMBIA
190;EDS TEXACO 25;GAS NATURAL FENOSA;BOGOTÁ;CUNDINAMARCA;DIAGONAL 12 SUR NO. 14B-61 - HOY  DIRECCIÓN NUEVA AV. CALLE 11 SUR NO. 15 11. TEL;COLOMBIA
191;EDS SEXTA ANTIGUA;GAS NATURAL FENOSA;BOGOTÁ;CUNDINAMARCA;DIAGONAL 6 NO. 16A-14;COLOMBIA
192;EDS ESSO LOS HEROES;EXXON MOBIL COLOMBIA - AUTOMARKET;BOGOTÁ;CUNDINAMARCA;AVENIDA 13 NO. 78-77;COLOMBIA
193;EDS ESSO COMUNEROS;EXXON MOBIL COLOMBIA - AUTOMARKET;BOGOTÁ;CUNDINAMARCA;CALLE 6 NO. 19-49;COLOMBIA
194;EDS PUENTE ARANDA;EXXON MOBIL COLOMBIA - AUTOMARKET;BOGOTÁ;CUNDINAMARCA;CARRERA 50 NO. 19-15;COLOMBIA
197;EDS LOS LAGARTOS;ESTACIÓN LOS LAGARTOS;BOGOTÁ;CUNDINAMARCA;AVENIDA BOYACÁ NO. 95-31;COLOMBIA
200;EDS ESSO CIUDAD SALITRE;EXXON MOBIL COLOMBIA - AUTOMARKET;BOGOTÁ;CUNDINAMARCA;CALLE 22 C NO. 68D-20;COLOMBIA
214;EDS GAZEL TERPEL JAVERIANA;ORGANIZACIÓN TERPEL S.A.;BOGOTÁ;CUNDINAMARCA;CARRERA 7 NO. 39-41;COLOMBIA
217;EDS CAMPOALEGRE;SUPERESTACIONES DE COLOMBIA;BOGOTÁ;CUNDINAMARCA;AV. CIUDAD DE CALI NO. 6-93;COLOMBIA
218;EDS SAN JOSE DE QUITO;INVERSIONES DANNPA;BOGOTÁ;CUNDINAMARCA;CARRERA 37 NO. 70A-26;COLOMBIA
220;GAS NATURAL TEXACO 34;GAS NATURAL FENOSA;BOGOTÁ;CUNDINAMARCA;CALLE 26 NO. 32-61;COLOMBIA
232;EDS TUNJUELITO;GAS NATURAL FENOSA;BOGOTÁ;CUNDINAMARCA;AVENIDA 11 NO. 51-00 SUR;COLOMBIA
233;EDS TEXACO ORION;INVERSIONES PARMALAT;BOGOTÁ;CUNDINAMARCA;AUTOPISTA NORTE 13 NO. 166-73;COLOMBIA
240;EDS TEXACO 31;COMBUSTIBLES DE COLOMBIA S.A.;BOGOTÁ;CUNDINAMARCA;AVENIDA CARRERA 30 NO. 17A-56;COLOMBIA
244;EDS AVENIDA BOYACÁ;TERCERO_GAZEL;BOGOTÁ;CUNDINAMARCA;AVENIDA BOYACÁ NO. 77A-15;COLOMBIA
245;EDS BETANIA;ORGANIZACIÓN TERPEL S.A.;BOGOTÁ;CUNDINAMARCA;CARRERA 86A NO. 52-12 SUR;COLOMBIA
252;EDS  INDUSTRIAL BOYACA;EXXON MOBIL COLOMBIA - AUTOMARKET;BOGOTÁ;CUNDINAMARCA;CARRERA 71 NO. 19-53;COLOMBIA
260;EDS GAS NATURAL PORTAL DE ALAMOS;GAS NATURAL FENOSA;BOGOTÁ;CUNDINAMARCA;CARRERA 98 NO. 63-39;COLOMBIA
261;EDS VILLA CLAUDIA;ORGANIZACIÓN TERPEL S.A.;BOGOTÁ;CUNDINAMARCA;CARRERA 68 NO. 14-21;COLOMBIA
264;EDS ERMITA CAPILLA;EXXON MOBIL COLOMBIA - AUTOMARKET;BOGOTÁ;CUNDINAMARCA;AVENIDA CARACAS NO. 45-25;COLOMBIA
267;EDS CENTRO BOGOTÁ (AUTOMOVIL CLUB);ORGANIZACIÓN TERPEL S.A.;BOGOTÁ;CUNDINAMARCA;CARRERA 13 NO. 16-77;COLOMBIA
277;EDS COMPOSTELA;ORGANIZACIÓN TERPEL S.A.;BOGOTÁ;CUNDINAMARCA;TRANSVERSAL 66  148-32;COLOMBIA
278;EDS CRUZ ROJA;ORGANIZACIÓN TERPEL S.A.;BOGOTÁ;CUNDINAMARCA;AVENIDA CARRERA 68    67B-05;COLOMBIA
285;EDS TERPEL GANADERO;ORGANIZACIÓN TERPEL S.A.;BOGOTÁ;CUNDINAMARCA;AVENIDA BOYACÁ NO. 70-53 SUR;COLOMBIA
286;EDS TUGAS AV. CIUDAD DE CALI;INVERSIONES GÓMEZ MONTAÑEZ LTDA.;BOGOTÁ;CUNDINAMARCA;CARRERA 83  13A-05;COLOMBIA
293;EDS CRUCE DE MOSQUERA;EXXON MOBIL COLOMBIA - AUTOMARKET;BOGOTÁ;CUNDINAMARCA;CALLE 13  3-59 ESTE;COLOMBIA
302;EDS AUTOPISTA MEDELLÍN;EXXON MOBIL COLOMBIA - AUTOMARKET;BOGOTÁ;CUNDINAMARCA;KILÓMETRO 1 VÍA SIBERIA - BOGOTÁ;COLOMBIA
304;GNV ESSO EL TESORO;GAS NATURAL FENOSA;BOGOTÁ;CUNDINAMARCA;CALLE 17  115-81;COLOMBIA
309;EDS AUTOMARKET BRASIL;EXXON MOBIL COLOMBIA - AUTOMARKET;BOGOTÁ;CUNDINAMARCA;AVENIDA CALLE 6  34-90;COLOMBIA
313;EDS FUNDACION AVENIDA ROJAS;GNE SOLUCIONES SAS;BOGOTÁ;CUNDINAMARCA;CARRERA 70 o AVENIDA ROJAS 70  64-39;COLOMBIA
322;EDS PETROBRAS SAN MATEO;GAS NATURAL FENOSA;BOGOTÁ;CUNDINAMARCA;AUTOPISTA SUR, CARRERA 4  31-320, SOACHA;COLOMBIA
328;EDS BRIO ROCAMAR;GAS NATURAL FENOSA;BOGOTÁ;CUNDINAMARCA;CARRERA 7  168 - 69;COLOMBIA
329;EDS SAN MIGUEL DEL NORTE / PAFISS DE COLOMBIA S.A.S.;INVERSIONES ALDEMAR S EN C;BOGOTÁ;CUNDINAMARCA;CALLE 130 No. 45-34;COLOMBIA
331;EDS EL DARIEN;INVERSIONES RENGIFO ROJAS Y  CIA.;BOGOTÁ;CUNDINAMARCA;CARRERA 69B  26-35;COLOMBIA
335;EDS BIOMAX TINTAL;GNE SOLUCIONES SAS;BOGOTÁ;CUNDINAMARCA;AC 54 SUR 89a -55;COLOMBIA
342;EDS ANDES;EXXON MOBIL COLOMBIA - AUTOMARKET;BOGOTÁ;CUNDINAMARCA;CARRERA 80  58L-15 SUR;COLOMBIA
348;EDS LA PALMA;GAS NATURAL FENOSA;BOGOTÁ;CUNDINAMARCA;AV. CRA. 68 NO. 13 - 87;COLOMBIA
351;EDS ESSO AVENIDA BOYACA;EXXON MOBIL COLOMBIA - AUTOMARKET;BOGOTÁ;CUNDINAMARCA;AV. BOYACA NO. 12B - 35;COLOMBIA
358;EDS ALFA COMPRESION S.A./ EDS CENTENARIO;ALFA COMPRESION S.A.;BOGOTÁ;CUNDINAMARCA;Av  Carrera 45 # 103 - 34;COLOMBIA
359;EDS LOS FUNDADORES;GAS NATURAL FENOSA;BOGOTÁ;CUNDINAMARCA;AV. 1A MAYO NO. 68 I-46 SUR;COLOMBIA
361;EDS CARREFOUR LA ALQUERIA / EDS CENCOSUD ALQUERIA;ORGANIZACIÓN TERPEL S.A.;BOGOTÁ;CUNDINAMARCA;AV CRA 68 No. 38B 18 SUR;COLOMBIA
366;EDS EXPRESO BOGOTÁNO;GAS NATURAL FENOSA;BOGOTÁ;CUNDINAMARCA;AV. 68 NO. 43 - 67SUR;COLOMBIA
375;EDS SAN RAFAEL - PUENTE ARANDA;COMPAÑÍA DE NEGOCIOS;BOGOTÁ;CUNDINAMARCA;CRA, 49 NO. 9-24 BARRIO SAN RAFAEL;COLOMBIA
376;EDS GNV BRIO - ALTAMAR;GAS NATURAL FENOSA;BOGOTÁ;CUNDINAMARCA;AV. CIUDAD DE CALI NO. 99 - 10;COLOMBIA
381;EDS BAVARIA S.A. - CERVECERIA BOGOTÁ;BAVARIA S.A.;BOGOTÁ;CUNDINAMARCA;AVENIDA BOYACA NO. 9 - 02;COLOMBIA
384;EDS DE GNV PALOQUEMAO;COMBUSTIBLES VEHICULARES DE;BOGOTÁ;CUNDINAMARCA;TRANSVERSAL 22 NO. 19/28/44/60;COLOMBIA
391;EDS SERVYCOM;GAS NATURAL FENOSA;BOGOTÁ;CUNDINAMARCA;CRA, 55 NO. 72 - 32 - BARRIO NORMANDIA;COLOMBIA
394;EDS SAN CARLOS;IMPORGAS S.A.;BOGOTÁ;CUNDINAMARCA;AV. CARACAS NO. 50-73 SUR;COLOMBIA
399;EDS CARREFOUR MARRUECOS;GAS NATURAL FENOSA;BOGOTÁ;CUNDINAMARCA;AV. CARACAS NO. 49- 28 SUR;COLOMBIA
406;EDS GNCV;GAS CENTRAL DE LA SABANA;BOGOTÁ;CUNDINAMARCA;AK 72 (AV. BOYACA) NO. 31- 40 SUR;COLOMBIA
413;EDS TEXACO TUNAL LUBRICANTES Y  COMBUSTIBLES DEL;LUBRICANTES Y  COMBUSTIBLES DEL;BOGOTÁ;CUNDINAMARCA;CALLE 46 SUR NO. 24 A - 03;COLOMBIA
418;EDS PETROBRAS CALLE 13;GAS NATURAL FENOSA;BOGOTÁ;CUNDINAMARCA;CALLE 13 NO. 68 B - 88 BARRIO MONTEVIDEO;COLOMBIA
426;EDS LIBERTADORES;EXXON MOBIL COLOMBIA - AUTOMARKET;BOGOTÁ;CUNDINAMARCA;AV. CARACAS NO. 75 - 18;COLOMBIA
427;EDS COUNTRY;GAS NATURAL FENOSA;BOGOTÁ;CUNDINAMARCA;AV. 19 NO. 127C - 50;COLOMBIA
429;EDS EN BAVARIA S.A. - CERVECERIA LEONA;BAVARIA S.A.;BOGOTÁ;CUNDINAMARCA;AUTOP. NORTE KM. 30 VIA BOGOTÁ - TUNJA, TOCANCIPA - CUNDINAMARCA;COLOMBIA
430;EDS TEXACO SUBA EDS LA JUANA;GAS NATURAL FENOSA;BOGOTÁ;CUNDINAMARCA;AV. CALLE 145 NO. 94D - 95;COLOMBIA
435;EDS TERPEL LA 49 NORMANDIA;ORGANIZACION TERPEL S.A.;BOGOTA;CUNDINAMARCA;CARRERA 72 No. 49 - 30 (NORMANDIA);COLOMBIA
436;EDS TERPEL CONEJERA;ORGANIZACIÓN TERPEL S.A.;BOGOTÁ;CUNDINAMARCA;CRA. 98 NO. 140B - 86;COLOMBIA
438;EDS CARREFOUR TINTALITO;GAS NATURAL FENOSA;BOGOTÁ;CUNDINAMARCA;AV. CIUDAD DE CALI NO. 40B - 69 SUR;COLOMBIA
441;EDS CARREFOUR BOSA - ATALAYAS;GAS NATURAL FENOSA;BOGOTÁ;CUNDINAMARCA;CRA 92 NO. 60-90 SUR;COLOMBIA
443;EDS AUTOSERVICIO AV. TERCERA;DISTRIBUIDORA DE CARBURANTES;BOGOTÁ;CUNDINAMARCA;AV. CALLE 3 NO. 34 A - 82;COLOMBIA
444;EDS YOMASA;GAS NATURAL FENOSA;BOGOTÁ;CUNDINAMARCA;CARRERA 3D No. 88-04 SUR;COLOMBIA
450;EDS CARREFOUR EL TREBOL;GAS NATURAL FENOSA;BOGOTÁ;CUNDINAMARCA;GAS NATURAL FENOSA;COLOMBIA
454;EDS IBERIA;GAS NATURAL FENOSA;BOGOTÁ;CUNDINAMARCA;CLL 134 NO. 53 - 51;COLOMBIA
458;EDS BRIO BIMA;GAS NATURAL FENOSA;BOGOTÁ;CUNDINAMARCA;AUTOP. NORTE 232 - 35;COLOMBIA
468;EDS GNV PRADERA DE SUBA;A.B.A. CENTRAL DE COMBUSTIBLES Y;BOGOTÁ;CUNDINAMARCA;CRA. 104 NO. 151C - 84;COLOMBIA
469;EDS AMERICAS II;GAS NATURAL FENOSA;BOGOTÁ;CUNDINAMARCA;CARRERA 54 NO. 5C - 91;COLOMBIA
477;EDS PETROBRAS VERGEL;GAS NATURAL FENOSA;BOGOTÁ;CUNDINAMARCA;CALLE 13 A NO. 83 - 25/65;COLOMBIA
481;EDS A GAS LAS FLORES Y/O JAVIER LEYVA GONZALEZ;ESTACIÓN DE SERVICIO A GAS LAS;BOGOTÁ;CUNDINAMARCA;CALLE 25 SUR NO. 86-50;COLOMBIA
483;EDS CARREFOUR SAN CAYETANO;GAS NATURAL FENOSA;BOGOTÁ;CUNDINAMARCA;CALLE 46 A N 85 A 51;COLOMBIA
484;EDS CARREFOUR VERAGUAS;CENCOSUD;BOGOTÁ;CUNDINAMARCA;CALLE 3 NO. 34 A 82;COLOMBIA
487;EDS CALLE 50;JAIRO AUGUSTO QUIJANO CARRILLO;BOGOTÁ;CUNDINAMARCA;CARRERA 17 NO. 50 - 42;COLOMBIA
506;EDS EL PROVEEDOR DE COMBUSTIBLES LTDA;GAS NATURAL FENOSA;BOGOTÁ;CUNDINAMARCA;CALLE 13 NO. 33 - 10 BOGOTÁ;COLOMBIA
507;CALLE 80;GRANDES SUPERFICIES DE COLOMBIA;BOGOTÁ;CUNDINAMARCA;AV.CALLE 80 NO 69Q - 50;COLOMBIA
508;CALLE 170;GRANDES SUPERFICIES DE COLOMBIA;BOGOTÁ;CUNDINAMARCA;CALLE 170 NO 64 - 42;COLOMBIA
509;HAYUELOS;GAS NATURAL FENOSA;BOGOTÁ;CUNDINAMARCA;AK 86 NO 19A - 50;COLOMBIA
510;CRA 30;GRANDES SUPERFICIES DE COLOMBIA;BOGOTÁ;CUNDINAMARCA;CRA 32 NO 18 - 10;COLOMBIA
511;AUTO SUR;GRANDES SUPERFICIES DE COLOMBIA;BOGOTÁ;CUNDINAMARCA;AUTOPISTA SUR NO 77A - 18;COLOMBIA
512;TEXACO 24;GRANDES SUPERFICIES DE COLOMBIA;BOGOTÁ;CUNDINAMARCA;CRA 24 NO. 5 B - 40;COLOMBIA
513;AV. CIUDAD DE CALI;ORGANIZACIÓN TERPEL S.A.;BOGOTÁ;CUNDINAMARCA;AV. CRA. 86 NO. 15 A - 80;COLOMBIA
542;EDS GAZEL LA MARIANA;ORGANIZACIÓN TERPEL S.A.;BOGOTÁ;CUNDINAMARCA;DIAGONAL 2B NO. 85-10;COLOMBIA
543;EDS GAZEL PALMAS DE TUMACO;ORGANIZACIÓN TERPEL S.A.;BOGOTÁ;CUNDINAMARCA;CARRERA 68 NO. 17-65;COLOMBIA
544;EDS GAZEL SUPER GAS - SANTA LUCIA;NESTOR GONZALEZ_GAZEL;BOGOTÁ;CUNDINAMARCA;CARREA 16B NO. 55A 59;COLOMBIA
545;EDS GAZEL TERPEL AURES II;EMPRESA ADMINISTRADORA DE;BOGOTÁ;CUNDINAMARCA;AV CLLE 132 No. 109 A 65 Suba Aures II;COLOMBIA
546;EDS GAZEL TERPEL PALOQUEMAO;TERCERO_GAZEL;BOGOTÁ;CUNDINAMARCA;AVENIDA CALLE 19 NO. 33-98;COLOMBIA
547;EDS GAZEL TEXACO FLOTA BLANCA;RODRIGO CARDONA_GAZEL;BOGOTÁ;CUNDINAMARCA;CALLE 80 NO. 90-29;COLOMBIA
561;EDS TERPEL EL PORVENIR;JANETT ZUÑIGA DIAZ_GAZEL;BOGOTÁ;CUNDINAMARCA;CRA 5 ESTE NO. 15-21;COLOMBIA
562;EDS PANAMCO NORTE;TERCERO_GAZEL;BOGOTÁ;CUNDINAMARCA;CRA 96 NO 24 C-94 NORTE;COLOMBIA
563;EDS PANAMCO SUR;TERCERO_GAZEL;BOGOTÁ;CUNDINAMARCA;AUTOPISTA SUR NO. 77 -20;COLOMBIA
585;EDS SUPER BRIO USME;GAS NATURAL FENOSA;BOGOTÁ;CUNDINAMARCA;Carrera 51 sur # 5 D - 70;COLOMBIA
590;EDS LAS QUINTAS;INVERSIONES CARREÑO GUTIERREZ;BOGOTÁ;CUNDINAMARCA;KM. 1 VÍA A SINCELEJO;COLOMBIA
598;EDS DUAL 2;GAS NATURAL ANDINO S.A.;BOGOTÁ;CUNDINAMARCA;CARRERA 10 NO. 5-84;COLOMBIA
611;EDS AVENIDA TERCERA;SERVICENTRO ESSO AVENIDA TERCERA;BOGOTÁ;CUNDINAMARCA;CARRERA LA NO. 17-18;COLOMBIA
624;EDS_ANTARES_TEXACO;TEXACO;BOGOTÁ;CUNDINAMARCA;CARRERA 25 NO. 75-201;COLOMBIA
625;EDS_GAZEL_LA_MARIANA;GAZEL;BOGOTÁ;CUNDINAMARCA;AVENIDA LAS AMÉRICAS LOTE B2 NARANJITO. PEREIRA;COLOMBIA
634;EDS_CALLE_13;YESID HERNANDEZ QUINTERO;BOGOTÁ;CUNDINAMARCA;CALLE 71 NO. 21-110 BARRIO LA LIBERTAD;COLOMBIA
639;ESTACION DE SERVICIO AUTOMOTRIZ MILENIUM GAS CALLE 13;MOVILGAS LTDA - GERARDO JAVIER;BOGOTA;CUNDINAMARCA;AVENIDA CALLE 17 NO. 78G - 11;COLOMBIA
640;EDS_JUAN_MARTIN_;SERVINGENIERIA S.A.;BOGOTÁ;CUNDINAMARCA;CLLE 46 F SUR NO. 39-64 TEL 2767382 EDE ZEUS RETORNO  SIETE VIA AUTOPISTA;COLOMBIA
648;EDS FONTIBON;SIGURGAS;BOGOTÁ;CUNDINAMARCA;CARRERA 45 NO. 58-21;COLOMBIA
651;EDS SANTA SOFIA USME;UNIÓN TEMPORAL DE COMBUSTIBLES;BOGOTÁ;CUNDINAMARCA;CALLE  68B SUR BOGOTA;COLOMBIA
667;EDS BIOMAX ISABELA;GNE SOLUCIONES SAS;BOGOTÁ;CUNDINAMARCA;CARRERA 48 NO. 21-34 SUR;COLOMBIA
668;EDS CALLE 13;GNE SOLUCIONES SAS;BOGOTÁ;CUNDINAMARCA;CARRERA 88 No. 17 - 09;COLOMBIA
679;EDS GNV LA 17;STANDARD ENERGY  COMPANY  -;BOGOTÁ;CUNDINAMARCA;CARRERA 27 N° 16 - 51 SUR;COLOMBIA
685;EDS PATIOS;M JUAN MARTIN LTDA;BOGOTÁ;CUNDINAMARCA;KM 6 VIA LA CALERA;COLOMBIA
689;EDS GNV LA SIBERIA;PETROLMIL;BOGOTÁ;CUNDINAMARCA;CRA 498No. 103B -81 / PBX: (57-1) 61701 73 - 61701 74 FAX: (57-1) 61701 66 ERNAIL:;COLOMBIA
695;EDS DE SERVICIO MIXTA TERPEL AV BOYACÁ;INVERSIONES LA GLORIETA;BOGOTÁ;CUNDINAMARCA;PARAJE PADILLA KM 1 VÍA AL VALLE;COLOMBIA
703;EDS TRIANGULO;TRANSAGA S.A.S;BOGOTÁ;CUNDINAMARCA;CALLE 16 NO 1-26;COLOMBIA
705;EDS 7 DE AGOSTO;COLOMBIANA DE HIDROCARBUROS;BOGOTÁ;CUNDINAMARCA;AV. CALLE 71 SUR NO 31-40.;COLOMBIA
718;EDS SODEN;MADIGAS HIDROCARBUROS S.A.;BOGOTÁ;CUNDINAMARCA;CARRERA 9 No. 56N-115;COLOMBIA
719;EDS SANTANA;GAS NATURAL FENOSA;BOGOTÁ;CUNDINAMARCA;CARRERA 100 73A12 LA NAVARRA;COLOMBIA
720;EDS GERMANIA;GAS NATURAL FENOSA;BOGOTÁ;CUNDINAMARCA;CON NOMENCLATURA - CARRETERA TRONCAL DE OCCIDENTE;COLOMBIA
721;EDS ESSO 37;GAS NATURAL FENOSA;BOGOTÁ;CUNDINAMARCA;CRA 7A NO. 26-25;COLOMBIA
722;EDS BARRIO COLOMBIA;GAS NATURAL FENOSA;BOGOTÁ;CUNDINAMARCA;CARRETERA EL VIAJANO - SAN MARCOS, KM. 11,6 CORREGIMIENTO EL CRUCERO, EN;COLOMBIA
733;ESTACION DE SERVICIO AUTOMOTRIZ TERPEL FONTIBON;ORGANIZACIÓN TERPEL S.A.;BOGOTÁ;CUNDINAMARCA;CALLE22 N 98A 03 FONTIBON;COLOMBIA
734;EDS TERPEL AV BOYACA;ORGANIZACIÓN TERPEL S.A.;BOGOTÁ;CUNDINAMARCA;AVENIDA BOYACA 77 A - 15;COLOMBIA
735;CARREFOUR ALAMOS;ORGANIZACIÓN TERPEL S.A.;BOGOTÁ;CUNDINAMARCA;AV 72 N. 91A-45;COLOMBIA
736;ESTACION DE SERVICIO GNV PRIMERA DE MAYO;ORGANIZACIÓN TERPEL S.A.;BOGOTÁ;CUNDINAMARCA;TRASVERSAL 72 No. 35 - 09 SUR;COLOMBIA
748;ESTACION DE SERVICIO LA ISABELA;JUAN MARTIN LTDA;BOGOTÁ;CUNDINAMARCA;DIAGONAL 63 F No. 86-34 localidad de Engativ a;COLOMBIA
752;ESTACION DE SERVICIO TEXACO 7 DE AGOSTO DISTRILUB LTDA;;BOGOTA;CUNDINAMARCA;CARRERA 15 No. 67 - 49;COLOMBIA
753;ESTACIO DE SERVICIO INCONCENTRO CALLE 49;GRUPO AUTOMOTRIZ EDS AUTOGAS S.A.;BOGOTA;CUNDINAMARCA;CARRERA 14 No 48 - 74  (Chapinero);COLOMBIA
758;ESTACION DE SERVICIO CALLE 80 - COMBUSTIBLES CAPITAL S.A.S;COMBUSTIBLES CAPITAL S.A.S.;BOGOTA;CUNDINAMARCA;DIAG 77 A No. 90- 26;COLOMBIA
759;ESTACION DE SERVICIO AUTOMOTRIZ EGAS AVE BOYACA;ENERGIA DE GAS S.A.S.;BOGOTA;CUNDINAMARCA;AC 71 SUR No. 31-40;COLOMBIA
765;ESTACION DE SERVICIO MILENIUM GAS KENNEDY;GERARDO JAVIER ALVARADO CUBILLOS;BOGOTA;CUNDINAMARCA;AVENIDA CALLE 43 SUR No. 78N-05;COLOMBIA
773;EDS LA ESTANCIA;UNIGAS S.A.S.;BOGOTA;CUNDINAMARCA;Autopista Sur No. 75-21;COLOMBIA
